Year,Month,Total No of operators,No. of operators/shift: Shift 1 weekdays,No. of operators/shift: Shift 2 weekdays,No. of operators/shift: Shift 3 weekdays,No. of operators/shift: Shift 4 weekdays,No. of operators/shift: Shift 1 weekends,No. of operators/shift: Shift 2 weekends,No. of operators/shift: Shift 3 weekends,No. of operators/shift: Shift 4 weekends,No. of hours per week that  the call center is fully staffed and operational,Total no. of calls,No. of calls successfully answered,No. of calls answered within 30 seconds,Average waiting time in queue,No. of calls abandoned by the caller,Total no. of Queries,No. of queries addressed by the KB,Total no. of trouble tickets,No. of trouble tickets resolved,No. of Govt  organizations hosting their info in the KB
2016,1,17,2,8,1,0,2,2,1,0,1227,182108,148708,94136,00:00:33,33400,145568,114410,9928,511,296
2016,2,17,2,8,1,0,2,2,1,0,1227,158072,136620,84590,00:00:21,21452,134343,106522,7058,96,296
2016,3,17,2,8,1,0,2,2,1,0,1227,164773,152380,123289,00:00:22,12393,149426,117416,6615,120,296
2016,4,17,2,8,1,0,2,2,1,0,1227,133225,129037,121692,00:00:19,4188,125540,99051,3310,186,296
2016,5,17,2,8,1,0,2,2,1,0,1227,210736,181385,123612,00:00:33,29351,173963,139760,10923,212,296
2016,6,17,2,8,1,0,2,2,1,0,1227,141432,138452,134910,00:00:16,2980,136360,106468,4516,259,296
2016,7,17,2,8,1,0,2,2,1,0,1227,134523,131539,127863,00:00:16,2984,130330,102588,3730,278,296
2016,8,17,2,8,1,0,2,2,1,0,1227,148183,144982,142786,00:00:16,3201,143960,113109,3226,196,296
2016,9,17,2,8,1,0,2,2,1,0,1227,158599,152981,141343,00:00:16,5618,151751,121530,3310,145,296
2016,10,17,2,8,1,0,2,2,1,0,1227,152614,148443,142050,00:00:17,4171,146672,116790,3019,191,296
2016,11,17,2,8,1,0,2,2,1,0,1227,154042,148270,130618,00:00:19,5772,145609,116861,2693,211,296
2016,12,17,2,8,1,0,2,2,1,0,1227,158342,153053,136563,00:00:22,5289,150011,121485,2592,148,296
2017,1,28,4,16,1,0,4,4,2,2,1664,158880,154936,148076,00:00:18,3944,145568,114410,9928,511,296
2017,2,28,4,16,1,0,4,4,2,2,1664,192465,176173,119602,00:00:24,16292,173063,144032,2186,111,296
2017,3,28,4,16,1,0,4,4,2,2,1664,151393,148124,143067,00:00:21,3269,145107,114403,2392,88,296
2017,4,28,4,16,1,0,4,4,2,2,1664,117620,114355,109317,00:00:24,3265,110005,86049,1494,67,296
2017,5,28,4,16,1,0,4,4,2,2,1664,152275,147203,137332,00:00:22,5072,141662,110755,1614,70,296
2017,6,28,4,16,1,0,4,4,2,2,1664,153407,146715,130006,00:00:23,6692,140073,111619,2291,164,296
2017,7,28,4,16,1,0,4,4,2,2,1664,142798,139276,132634,00:00:19,3522,134514,105776,2720,453,296
2017,8,28,4,16,1,0,4,4,2,2,1664,142516,147673,138796,00:00:17,5157,142006,114430,1762,744,296
2017,9,28,4,16,1,0,4,4,2,2,1664,140620,136382,126403,00:00:19,4238,135415,108592,2006,1087,296
2017,10,28,4,16,1,0,4,4,2,2,1664,147359,143626,137120,00:00:20,3733,141935,114228,2123,1266,296
2017,11,28,4,16,1,0,4,4,2,2,1664,150451,146210,136578,00:00:21,4241,144062,117119,2010,1021,296
2017,12,28,4,16,1,0,4,4,2,2,1664,176587,160189,108540,00:00:30,16398,157449,132515,1554,626,296
2018,1,38,5,30,8,2,14,10,6,3,1921,203426,181810,114118,00:00:33,21616,177271,150202,1129,252,296
2018,2,38,5,30,8,2,14,10,6,3,1921,144787,139905,125312,00:00:25,4882,137549,112705,778,49,296
2018,3,38,5,30,8,2,14,10,6,3,1921,152032,146493,129881,00:00:27,5539,143927,115917,993,54,296
2018,4,38,5,30,8,2,14,10,6,3,1921,131478,124701,111288,00:00:31,6777,121878,98353,660,41,296
2018,5,38,5,30,8,2,14,10,6,3,1921,160281,152139,127271,00:00:32,8142,148654,119783,866,24,296
2018,6,38,5,30,8,2,14,10,6,3,1921,147974,139883,114141,00:00:34,8091,136410,109044,874,14,296
2018,7,38,5,30,8,2,14,10,6,3,1921,158878,151843,131747,00:00:37,7036,148693,119445,935,25,320
2018,8,38,5,30,8,2,14,10,6,3,1921,166211,158268,134652,00:00:35,7943,155190,124279,994,36,320
2018,9,38,5,30,8,2,14,10,6,3,1921,148687,140619,114295,00:00:35,8068,137322,109474,878,39,320
2018,10,38,5,30,8,2,14,10,6,3,1921,156609,149405,128829,00:00:30,7204,146656,115855,954,49,320
2018,11,38,5,30,8,2,14,10,6,3,1921,131911,127138,122804,00:00:30,4773,125913,93889,599,45,320
2018,12,38,5,30,8,2,14,10,6,3,1921,135974,131847,125852,00:00:23,4127,130400,104752,619,50,320
2019,1,38,5,30,8,2,14,10,6,2,1921,211865,184795,110701,00:00:34,27070,183050,153931,951,42,327
2019,2,38,5,30,8,2,14,10,6,2,1921,146777,139738,116302,00:00:28,7039,138259,110987,780,52,327
2019,3,38,5,30,8,2,14,10,6,2,1921,159392,150910,125828,00:00:28,8482,148679,118762,578,42,327
2019,4,38,5,30,8,2,14,10,6,2,1921,144324,131506,111508,00:00:35,12818,128191,102086,725,43,327
2019,5,38,5,30,8,2,14,10,6,2,1921,140617,136065,125067,00:00:32,4552,133220,106040,687,46,327
2019,6,38,5,30,8,2,14,10,6,2,1921,140064,136011,123498,00:00:20,4053,133945,107324,844,71,327
2019,7,38,5,30,8,2,14,10,6,2,1921,162282,158144,146344,00:00:14,4138,155959,125706,1229,55,327
2019,8,38,5,30,8,2,14,10,6,2,1921,154917,150589,140699,00:00:15,4328,148865,119447,820,57,327
2019,9,38,5,30,8,2,14,10,6,2,1921,168861,157475,120088,00:00:17,11386,156765,128488,798,83,327
2019,10,38,5,30,8,2,14,10,6,2,1921,158340,154266,150546,00:00:14,4074,153465,124749,599,77,327
2019,11,38,5,30,8,2,14,10,6,2,1921,137509,133816,126213,00:00:15,3693,132403,106719,603,54,327
2019,12,38,5,30,8,2,14,10,6,2,1921,165756,155570,127478,00:00:22,10186,153603,123605,1300,43,327
2020,1,38,5,30,8,2,14,10,6,2,1921,178310,169672,134595,00:00:20,8638,167808,158880,948,50,327
2020,2,38,5,30,8,2,14,10,6,2,1921,159377,151515,121747,00:00:19,7862,149892,192465,383,38,327
2020,3,38,5,30,8,2,14,10,6,2,1921,141863,160084,106393,00:00:25,16027,133351,151393,578,52,327
2020,4,38,5,30,8,2,14,10,6,2,1921,NA,133863,NA,NA,NA,NA,117620,NA,NA,327
2020,5,38,5,30,8,2,14,10,6,2,1921,NA,125430,NA,NA,NA,NA,152275,NA,NA,327
2020,6,38,5,30,8,2,14,10,6,2,1921,117936,125430,82891,00:00:15,10159,105427,153407,167,8,327
2020,7,38,5,30,8,2,14,10,6,2,1921,144775,134836,101172,00:00:20,9939,131555,142798,250,157,327
2020,8,38,5,30,8,2,14,10,6,2,1921,153592,122182,64107,00:00:38,31410,118356,142516,314,305,327
2020,9,38,5,30,8,2,14,10,6,2,1921,158514,123717,60311,00:00:42,34797,120526,140620,355,339,327
2020,10,38,5,30,8,2,14,10,6,2,1921,164435,108252,56183,00:00:52,56204,97438,147359,293,246,327
2020,11,38,5,30,8,2,14,10,6,2,1921,153108,106588,53164,00:00:43,46520,92550,150451,112,96,327
2020,12,38,5,30,8,2,14,10,6,2,1921,148584,107804,50220,00:00:44,40780,92628,176587,72,66,327
2021,1,38,5,30,8,2,14,10,6,2,1921,143857,104436,48976,00:00:49,39421,88107,70304,38,34,327
2021,2,38,5,30,8,2,14,10,6,2,1921,134545,89937,36703,00:00:58,44608,69526,56208,32,27,327
2021,3,38,5,30,8,2,14,10,6,2,1921,147502,96777,36731,00:01:04,50725,74941,60934,38,25,327
2021,4,38,5,30,8,2,14,10,6,2,1921,115980,84026,38641,00:00:59,31954,69484,56309,26,21,327
2021,5,38,5,30,8,2,14,10,6,2,1921,142154,102219,50369,00:00:54,39935,86845,70223,28,23,327
2021,6,38,5,30,8,2,14,10,6,2,1921,179132,109687,38969,00:10:48,69445,93108,79128,25,19,327
2021,7,38,5,30,8,2,14,10,6,2,1921,145044,103956,47028,00:00:58,41088,87750,69512,28,20,327
2021,8,38,5,30,8,2,14,10,6,2,1921,133467,98862,50728,00:01:03,34605,78221,61222,18,15,327
2021,9,38,5,30,8,2,14,10,6,2,1921,93146,85901,62229,00:00:40,7245,67124,54239,19,15,327
2021,10,38,5,30,8,2,14,10,6,2,1921,135661,92854,41290,00:01:06,42807,72265,60509,14,13,327
2021,11,38,5,30,8,2,14,10,6,2,1921,134373,91150,36810,00:01:07,43223,68809,57673,15,14,327
2021,12,38,5,30,8,2,14,10,6,2,1921,126430,86122,34647,00:01:17,40308,59827,52761,22,20,327
